Title,Price,Rating,Date
"Best Price Square SBC, RASPBERRY PI 3 - MOD B, 1GB RAM RASPBERRYPI3-MODB-1GB By RASPBERRY-PI",63.45,4.6 out of 5 stars,2023-07-11
"Best Price Square SBC, RASPBERRY PI 3 - MOD B, 1GB RAM RASPBERRYPI3-MODB-1GB By RASPBERRY-PI",63.45,4.6 out of 5 stars,2023-07-11
"Best Price Square SBC, RASPBERRY PI 3 - MOD B, 1GB RAM RASPBERRYPI3-MODB-1GB By RASPBERRY-PI",63.45,4.6 out of 5 stars,2023-07-11
"Best Price Square SBC, RASPBERRY PI 3 - MOD B, 1GB RAM RASPBERRYPI3-MODB-1GB By RASPBERRY-PI",63.45,4.6 out of 5 stars,2023-07-11
"Best Price Square SBC, RASPBERRY PI 3 - MOD B, 1GB RAM RASPBERRYPI3-MODB-1GB By RASPBERRY-PI",63.45,4.6 out of 5 stars,2023-07-11
"Best Price Square SBC, RASPBERRY PI 3 - MOD B, 1GB RAM RASPBERRYPI3-MODB-1GB By RASPBERRY-PI",63.45,4.6 out of 5 stars,2023-07-11
"Best Price Square SBC, RASPBERRY PI 3 - MOD B, 1GB RAM RASPBERRYPI3-MODB-1GB By RASPBERRY-PI",63.45,4.6 out of 5 stars,2023-07-11
"Best Price Square SBC, RASPBERRY PI 3 - MOD B, 1GB RAM RASPBERRYPI3-MODB-1GB By RASPBERRY-PI",63.45,4.6 out of 5 stars,2023-07-11
"Best Price Square SBC, RASPBERRY PI 3 - MOD B, 1GB RAM RASPBERRYPI3-MODB-1GB By RASPBERRY-PI",63.45,4.6 out of 5 stars,2023-07-11
"Best Price Square SBC, RASPBERRY PI 3 - MOD B, 1GB RAM RASPBERRYPI3-MODB-1GB By RASPBERRY-PI",63.45,4.6 out of 5 stars,2023-07-11
"Best Price Square SBC, RASPBERRY PI 3 - MOD B, 1GB RAM RASPBERRYPI3-MODB-1GB By RASPBERRY-PI",63.45,4.6 out of 5 stars,2023-07-11
"Best Price Square SBC, RASPBERRY PI 3 - MOD B, 1GB RAM RASPBERRYPI3-MODB-1GB By RASPBERRY-PI",63.45,4.6 out of 5 stars,2023-07-11
